None;1;2;3;4;5;6;7;8;9;10
Автоинструменты;Автоинструменты;Автопринадлежности;Автохимия и автокосметика;Колбасы;Традиционная молочная продукция;Пакеты для перепродажи;Эксплуатационные жидкости;Запчасти для автомобилей;Заправки;Конфеты
Автопринадлежности;Автопринадлежности;Пакеты для перепродажи;Традиционная молочная продукция;Автохимия и автокосметика;Фрукты и ягоды;Заправки;Колбасы;Курица охлажденная;Конфеты;Сыры полутвердые сычужные
Автохимия и автокосметика;Автохимия и автокосметика;Автопринадлежности;Пакеты для перепродажи;Заправки;Традиционная молочная продукция;Чай;Эксплуатационные жидкости;Колбасы;Макаронные изделия;Конфеты
Аксессуары для животных;Аксессуары для животных;Продукты для животных;Пакеты для перепродажи;Заправки;Наполнители;Туалетная бумага, полотенца, салфетки, скатерти;Курица охлажденная;Традиционная молочная продукция;Фрукты и ягоды;Макаронные изделия
Баранина охлажденная;Баранина охлажденная;Сыры мягкие с плесенью;Морепродукты глубокой заморозки;Зелень свежая;Полуфабрикаты мясные охлажденные;Охлажденные рыба и морепродукты обслуживание;Телятина охлажденная;Фрукты и ягоды;Вина тихие;Заправки
Баранки, сушки, сухари, галеты;Баранки, сушки, сухари, галеты;Традиционная молочная продукция;Фрукты и ягоды;Печенье;Конфеты;Хлеб, промышленное производство;Сыры полутвердые сычужные;Пряники, вафли, бисквиты, круассаны длительного хранения;Заправки;Чай
Белая рыба глубокой заморозки;Белая рыба глубокой заморозки;Традиционная молочная продукция;Фрукты и ягоды;Овощи;Курица охлажденная;Заправки;Сыры полутвердые сычужные;Хлеб, промышленное производство;Деликатесы мясные;Колбасы
Велосипеды, мототехника;Велосипеды, мототехника;Дрожжи;Охлажденные рыба и морепродукты обслуживание;Столярный и плотницкий инструмент;Шины и аксессуары;Рулеты, кексы, пироги длительного хранения;Говядина охлажденная;Электроинсталляционные товары;Средства по уходу за волосами, аксессуары для волос;Энергетики и спортивные напитки
Вина в TetraPack и Bag&Box;Вина в TetraPack и Bag&Box;Овощи;Хлеб, промышленное производство;Пакеты для перепродажи;Заправки;Колбасы;Сосиски, сардельки, колбаски;Пиво производства России и СНГ;Сыры полутвердые сычужные;Яйцо куриное свежее
Вина тихие;Вина тихие;Пакеты для перепродажи;Фрукты и ягоды;Традиционная молочная продукция;Сыры полутвердые сычужные;Заправки;Овощи;Яйцо куриное свежее;Консервы овощные;Колбасы
Виски;Виски;Лимонады;Пакеты для перепродажи;Соки, нектары, морсы, компоты;Заправки;Сигареты;Вина тихие;Колбасы;Пиво производства России и СНГ;Деликатесы мясные
Вода лечебно-столовая;Вода лечебно-столовая;Пакеты для перепродажи;Вода питьевая;Соки, нектары, морсы, компоты;Традиционная молочная продукция;Туалетная бумага, полотенца, салфетки, скатерти;Фрукты и ягоды;Заправки;Овощи;Колбасы
Вода питьевая;Вода питьевая;Пакеты для перепродажи;Традиционная молочная продукция;Фрукты и ягоды;Современная молочная продукция;Соки, нектары, морсы, компоты;Жевательная резинка и освежающие драже;Овощи;Заправки;Конфеты
Водка;Водка;Пакеты для перепродажи;Заправки;Колбасы;Традиционная молочная продукция;Пиво производства России и СНГ;Хлеб, промышленное производство;Овощи;Деликатесы мясные;Фрукты и ягоды
Водный спорт;Водный спорт;Емкости для пищи;Сопутствующие товары для дачи;Другое детское питание;Стельки для обуви;Средства для туалета;Товары для ванной;Рыба и морепродукты вяленые обслуживание;Чипсы;Замороженные полуфабрикаты из теста фирменная упаковка
Восточные сладости;Восточные сладости;Традиционная молочная продукция;Фрукты и ягоды;Сыры полутвердые сычужные;Зефир;Конфеты;Печенье;Заправки;Овощи;Чай
Выпечные и сдобные изделия, производство ФК;Выпечные и сдобные изделия, производство ФК;Традиционная молочная продукция;Фрукты и ягоды;Печенье;Хлеб, промышленное производство;Пакеты для перепродажи;Выпечные и сдобные изделия, собственное производство;Хлеб, производство ФК;Конфеты;Овощи
Выпечные и сдобные изделия, промышленное производство;Выпечные и сдобные изделия, промышленное производство;Выпечные и сдобные изделия, производство ФК;Традиционная молочная продукция;Хлеб, промышленное производство;Фрукты и ягоды;Пакеты для перепродажи;Выпечные и сдобные изделия, собственное производство;Современная молочная продукция;Печенье;Заправки
Выпечные и сдобные изделия, собственное производство;Выпечные и сдобные изделия, собственное производство;Традиционная молочная продукция;Пакеты для перепродажи;Хлеб, собственное производство;Холодные блюда готовые с Фабрики Кухни, обслуживание;Фрукты и ягоды;Конфеты;Современная молочная продукция;Печенье;Пироги и пицца, собственное производство
Говядина охлажденная;Говядина охлажденная;Телятина охлажденная;Свинина охлажденная;Фрукты и ягоды;Традиционная молочная продукция;Овощи;Пакеты для перепродажи;Курица охлажденная;Заправки;Яйцо куриное свежее
Головные уборы;Головные уборы;Ремни, перчатки;Фрукты и ягоды;Заправки;Мужская одежда;Традиционная молочная продукция;Пакеты для перепродажи;Чай;Макаронные изделия;Колбасы
Горячие блюда готовые с Фабрики Кухни, обслуживание;Горячие блюда готовые с Фабрики Кухни, обслуживание;Горячие блюда готовые, обслуживание;Холодные блюда готовые с Фабрики Кухни, обслуживание;Пакеты для перепродажи;Выпечные и сдобные изделия, собственное производство;Кофе;Пироги и пицца, собственное производство;Традиционная молочная продукция;Хлеб, промышленное производство;Холодные блюда готовые, обслуживание
Горячие блюда готовые, обслуживание;Горячие блюда готовые, обслуживание;Холодные блюда готовые с Фабрики Кухни, обслуживание;Холодные блюда готовые, обслуживание;Горячие блюда готовые с Фабрики Кухни, обслуживание;Пакеты для перепродажи;Традиционная молочная продукция;Фрукты и ягоды;Горячие блюда готовые, собственная упаковка, самообслуживание;Пироги и пицца, собственное производство;Деликатесы мясные
Горячие блюда готовые, собственная упаковка, самообслуживание;Горячие блюда готовые, собственная упаковка, самообслуживание;Горячие блюда готовые, обслуживание;Пакеты для перепродажи;Холодные блюда готовые с Фабрики Кухни, обслуживание;Холодные блюда готовые, обслуживание;Выпечные и сдобные изделия, собственное производство;Лимонады;Современная молочная продукция;Традиционная молочная продукция;Кофе
Горячие блюда готовые, упаковка ФК, самообслуживание;Горячие блюда готовые, упаковка ФК, самообслуживание;Холодные блюда готовые, упаковка ФК, самообслуживание;Горячие блюда готовые, собственная упаковка, самообслуживание;Энергетики и спортивные напитки;Холодные блюда готовые с Фабрики Кухни, обслуживание;Горячие блюда готовые с Фабрики Кухни, обслуживание;Кофе;Лимонады;Пакеты для перепродажи;Выпечные и сдобные изделия, собственное производство
Готовое детское питание;Готовое детское питание;Детская молочная продукция;Детская каша;Детские напитки;Детская гигиена;Другое детское питание;Пакеты для перепродажи;Заменители молока;Традиционная молочная продукция;Современная молочная продукция
Грибы;Грибы;Зелень свежая;Овощи;Пакеты для перепродажи;Заправки;Сыры полутвердые сычужные;Консервы овощные;Фрукты и ягоды;Курица охлажденная;Яйцо куриное свежее
Грунты, удобрения, средства;Грунты, удобрения, средства;Фрукты и ягоды;Традиционная молочная продукция;Цветы и товары для цветоводства;Заправки;Посадочный материал;Конфеты;Сыры полутвердые сычужные;Чай;Овощи
Дезодоранты;Дезодоранты;Средства по уходу за волосами, аксессуары для волос;Пакеты для перепродажи;Средства по уходу за полостью рта;Заправки;Туалетная бумага, полотенца, салфетки, скатерти;Женская гигиена;Чай;Традиционная молочная продукция;Конфеты
Декоративная косметика;Декоративная косметика;Средства по уходу за лицом;Средства по уходу за волосами, аксессуары для волос;Пакеты для перепродажи;Детская гигиена;Универсальные гигиенические средства;Средства по уходу за полостью рта;Женская гигиена;Жевательная резинка и освежающие драже;Фрукты и ягоды
Деликатесы мясные;Деликатесы мясные;Традиционная молочная продукция;Колбасы;Фрукты и ягоды;Сыры полутвердые сычужные;Заправки;Пакеты для перепродажи;Овощи;Курица охлажденная;Конфеты
Детская галантерея;Детская галантерея;Школьные принадлежности;Детское нижнее белье;Рыба и морепродукты вяленые обслуживание;Баранки, сушки, сухари, галеты;Печенье;Вода лечебно-столовая;Заправки;Морепродукты глубокой заморозки;Чипсы
Детская гигиена;Детская гигиена;Пакеты для перепродажи;Туалетная бумага, полотенца, салфетки, скатерти;Традиционная молочная продукция;Детские напитки;Макаронные изделия;Средства по уходу за полостью рта;Детская молочная продукция;Фрукты и ягоды;Универсальные гигиенические средства
Детская каша;Детская каша;Готовое детское питание;Детская молочная продукция;Детская гигиена;Детские напитки;Заменители молока;Другое детское питание;Пакеты для перепродажи;Современная молочная продукция;Макаронные изделия
Детская молочная продукция;Детская молочная продукция;Детские напитки;Готовое детское питание;Детская гигиена;Современная молочная продукция;Детская каша;Пакеты для перепродажи;Традиционная молочная продукция;Фигурный шоколад;Печенье
Детская обувь;Детская обувь;Детское нижнее белье;Игрушки;Детская гигиена;Школьные принадлежности;Книги;Фрукты и ягоды;Конфеты;Традиционная молочная продукция;Курица охлажденная
Детская одежда;Детская одежда;Детское нижнее белье;Школьные принадлежности;Ремни, перчатки;Игрушки;Детская гигиена;Книги;Пакеты для перепродажи;Конфеты;Детская молочная продукция
Детские напитки;Детские напитки;Детская молочная продукция;Детская гигиена;Готовое детское питание;Пакеты для перепродажи;Традиционная молочная продукция;Современная молочная продукция;Фрукты и ягоды;Фигурный шоколад;Печенье
Детское нижнее белье;Детское нижнее белье;Детская гигиена;Игрушки;Школьные принадлежности;Фрукты и ягоды;Традиционная молочная продукция;Женское нижнее белье;Пакеты для перепродажи;Конфеты;Книги
Джин-тоники слабоалкогольные;Джин-тоники слабоалкогольные;Фруктовые ароматизированные слабоалкогольные напитки;Другие слабоалкогольные напитки;Пиво производства России и СНГ;Водка;Сигареты;Пакеты для перепродажи;Соки, нектары, морсы, компоты;Лимонады;Заправки
Диабетические продукты;Диабетические продукты;Диетические продукты;Фрукты и ягоды;Традиционная молочная продукция;Современная молочная продукция;Пакеты для перепродажи;Орехи, сухофрукты;Овощи;Заправки;Хлеб, промышленное производство
Диетические продукты;Диетические продукты;Фрукты и ягоды;Традиционная молочная продукция;Пакеты для перепродажи;Орехи, сухофрукты;Сыры полутвердые сычужные;Овощи;Современная молочная продукция;Заправки;Чай
Дорожные аксессуары;Дорожные аксессуары;Компьютерная мультимедиа;Кукурузные палочки;Сухарики фасованные;Автоинструменты;Инсектициды и репелленты;Товары для отдыха;Чипсы;Товары для туризма;Запчасти для автомобилей
Дрожжи;Дрожжи;Мука;Традиционная молочная продукция;Заправки;Фрукты и ягоды;Крупы;Сахар, соль;Сыры полутвердые сычужные;Конфеты;Овощи
Другая птица глубокой заморозки;Другая птица глубокой заморозки;Заправки;Макаронные изделия;Крупы;Сахар, соль;Чай;Овощи;Пакеты для перепродажи;Приправы и специи;Туалетная бумага, полотенца, салфетки, скатерти
Другая птица охлажденная;Другая птица охлажденная;Фрукты и ягоды;Традиционная молочная продукция;Овощи;Курица охлажденная;Сыры полутвердые сычужные;Пакеты для перепродажи;Зелень свежая;Яйцо куриное свежее;Заправки
Другие виды спорта;Другие виды спорта;Стельки для обуви;Мыло;Универсальные гигиенические средства;Средства для стирки;Деликатесы мясные;Консервы мясные;Мед;Средства для обуви и одежды;Конфеты в коробках
Другие замороженные полуфабрикаты фирменная упаковка;Другие замороженные полуфабрикаты фирменная упаковка;Замороженные готовые блюда;Спортивные игры с мячом;Попкорн;Горячие блюда готовые, обслуживание;Холодные блюда готовые, фирменная упаковка, самообслуживание;Вода питьевая;Замороженные полуфабрикаты из мяса и птицы фирменная упаковка;Холодные блюда готовые, обслуживание;Деликатесы мясные
Другие консервы;Другие консервы;Сухие десерты, продукты для выпечки, крахмал;Зелень свежая;Холодный чай и холодный кофе;Элементы питания;Товары для жилых комнат;Женская гигиена;Средства по уходу за полостью рта;Приправы и специи;Уборочный инвентарь
Другие крепкие алкогольные напитки;Другие крепкие алкогольные напитки;Пакеты для перепродажи;Водка;Традиционная молочная продукция;Заправки;Колбасы;Деликатесы мясные;Фрукты и ягоды;Хлеб, промышленное производство;Сыры полутвердые сычужные
Другие слабоалкогольные напитки;Другие слабоалкогольные напитки;Фруктовые ароматизированные слабоалкогольные напитки;Джин-тоники слабоалкогольные;Сокосодержащие слабоалкогольные напитки;Продукты из сурими глубокой заморозки;Пиво производства России и СНГ;Сидры, медовуха, пуаре;Пакеты для перепродажи;Сигареты;Лимонады
Другие снэки;Другие снэки;Чипсы;Сухарики фасованные;Пиво производства России и СНГ;Замороженные готовые блюда;Пакеты для перепродажи;Кукурузные палочки;Сахар, соль;Печенье;Хлеб, промышленное производство
Другие строительные товары;Другие строительные товары;Пакеты для перепродажи;Традиционная молочная продукция;Автопринадлежности;Фрукты и ягоды;Заправки;Чай;Колбасы;Элементы питания;Туалетная бумага, полотенца, салфетки, скатерти
Другие табачные изделия и аксессуары;Другие табачные изделия и аксессуары;Сигареты;Пакеты для перепродажи;Кофе;Пиво производства России и СНГ;Лимонады;Жевательная резинка и освежающие драже;Заправки;Шоколадные батончики;Овощи
Другие товары к праздникам;Другие товары к праздникам;Пакеты для перепродажи;Печатная продукция;Традиционная молочная продукция;Конфеты;Фрукты и ягоды;Чай;Туалетная бумага, полотенца, салфетки, скатерти;Конфеты в коробках;Заправки
Другое детское питание;Другое детское питание;Готовое детское питание;Детская молочная продукция;Детские напитки;Детская гигиена;Детская каша;Пакеты для перепродажи;Традиционная молочная продукция;Печенье;Фрукты и ягоды
Другой ручной инструмент и инвентарь;Другой ручной инструмент и инвентарь;Автопринадлежности;Пакеты для перепродажи;Заправки;Электроинсталляционные товары;Фрукты и ягоды;Слесарно-монтажный инструмент;Традиционная молочная продукция;Туалетная бумага, полотенца, салфетки, скатерти;Другие строительные товары
Емкости для пищи;Емкости для пищи;Пакеты для перепродажи;Заправки;Традиционная молочная продукция;Чай;Фрукты и ягоды;Овощи;Туалетная бумага, полотенца, салфетки, скатерти;Макаронные изделия;Конфеты
Жевательная резинка и освежающие драже;Жевательная резинка и освежающие драже;Пакеты для перепродажи;Конфеты;Традиционная молочная продукция;Современная молочная продукция;Фрукты и ягоды;Заправки;Печенье;Шоколадные плитки;Соки, нектары, морсы, компоты
Женская гигиена;Женская гигиена;Пакеты для перепродажи;Туалетная бумага, полотенца, салфетки, скатерти;Универсальные гигиенические средства;Традиционная молочная продукция;Средства по уходу за полостью рта;Средства по уходу за волосами, аксессуары для волос;Заправки;Чай;Фрукты и ягоды
Женская обувь;Женская обувь;Традиционная молочная продукция;Фрукты и ягоды;Заправки;Чай;Конфеты;Овощи;Пакеты для перепродажи;Туалетная бумага, полотенца, салфетки, скатерти;Сыры полутвердые сычужные
Женская одежда;Женская одежда;Традиционная молочная продукция;Фрукты и ягоды;Полотенца;Конфеты;Сыры полутвердые сычужные;Овощи;Женское нижнее белье;Колбасы;Чай
Женское нижнее белье;Женское нижнее белье;Традиционная молочная продукция;Фрукты и ягоды;Пакеты для перепродажи;Заправки;Чай;Туалетная бумага, полотенца, салфетки, скатерти;Сыры полутвердые сычужные;Средства по уходу за волосами, аксессуары для волос;Конфеты
Живое и разливное пиво;Живое и разливное пиво;Пакеты для перепродажи;Пиво производства России и СНГ;Рыба и морепродукты вяленые обслуживание;Соки, нектары, морсы, компоты;Заправки;Колбасы;Традиционная молочная продукция;Чипсы;Деликатесы мясные
Заменители молока;Заменители молока;Детская гигиена;Готовое детское питание;Детская каша;Детская молочная продукция;Детские напитки;Пакеты для перепродажи;Товары для новорожденных;Макаронные изделия;Традиционная молочная продукция
Замороженные готовые блюда;Замороженные готовые блюда;Сидры (САНы);Другие замороженные полуфабрикаты фирменная упаковка;Попкорн;Другие снэки;Холодные блюда готовые, фирменная упаковка, самообслуживание;Горячие блюда готовые, обслуживание;Сокосодержащие напитки и коктейли;Замороженные полуфабрикаты из теста фирменная упаковка;Мармелад
Замороженные полуфабрикаты из мяса и птицы весовые;Замороженные полуфабрикаты из мяса и птицы весовые;Макаронные изделия;Заправки;Замороженные полуфабрикаты из теста весовые;Пакеты для перепродажи;Овощи;Колбасы;Конфеты;Сахар, соль;Хлеб, промышленное производство
Замороженные полуфабрикаты из мяса и птицы фирменная упаковка;Замороженные полуфабрикаты из мяса и птицы фирменная упаковка;Заправки;Пакеты для перепродажи;Колбасы;Макаронные изделия;Традиционная молочная продукция;Замороженные полуфабрикаты из теста фирменная упаковка;Сосиски, сардельки, колбаски;Хлеб, промышленное производство;Печенье
Замороженные полуфабрикаты из рыбы и морепродуктов весовые;Замороженные полуфабрикаты из рыбы и морепродуктов весовые;Традиционная молочная продукция;Фрукты и ягоды;Заправки;Конфеты;Овощи;Курица охлажденная;Колбасы;Рыба и морепродукты вяленые собственная упаковка, самообслуживание;Хлеб, промышленное производство
Замороженные полуфабрикаты из рыбы и морепродуктов фирменная упаковка;Замороженные полуфабрикаты из рыбы и морепродуктов фирменная упаковка;Полуфабрикаты из рыбы глубокой заморозки;Заправки;Пакеты для перепродажи;Современная молочная продукция;Соки, нектары, морсы, компоты;Сосиски, сардельки, колбаски;Замороженные полуфабрикаты из теста фирменная упаковка;Конфеты;Консервы овощные
Замороженные полуфабрикаты из теста весовые;Замороженные полуфабрикаты из теста весовые;Заправки;Макаронные изделия;Традиционная молочная продукция;Пакеты для перепродажи;Овощи;Колбасы;Сахар, соль;Конфеты;Хлеб, промышленное производство
Замороженные полуфабрикаты из теста фирменная упаковка;Замороженные полуфабрикаты из теста фирменная упаковка;Пакеты для перепродажи;Традиционная молочная продукция;Заправки;Колбасы;Курица охлажденная;Макаронные изделия;Сосиски, сардельки, колбаски;Хлеб, промышленное производство;Яйцо куриное свежее
Замороженные фрукты, овощи, ягоды, грибы весовые;Замороженные фрукты, овощи, ягоды, грибы весовые;Овощи;Фрукты и ягоды;Заправки;Традиционная молочная продукция;Туалетная бумага, полотенца, салфетки, скатерти;Пакеты для перепродажи;Сыры полутвердые сычужные;Зелень свежая;Крупы
Замороженные фрукты, овощи, ягоды, грибы фирменная упаковка;Замороженные фрукты, овощи, ягоды, грибы фирменная упаковка;Овощи;Пакеты для перепродажи;Зелень свежая;Заправки;Традиционная молочная продукция;Фрукты и ягоды;Консервы овощные;Яйцо куриное свежее;Современная молочная продукция
Заправки;Заправки;Традиционная молочная продукция;Овощи;Фрукты и ягоды;Макаронные изделия;Пакеты для перепродажи;Курица охлажденная;Чай;Колбасы;Сыры полутвердые сычужные
Запчасти для автомобилей;Запчасти для автомобилей;Автопринадлежности;Автохимия и автокосметика;Пакеты для перепродажи;Заправки;Эксплуатационные жидкости;Традиционная молочная продукция;Макаронные изделия;Фрукты и ягоды;Конфеты
Зелень свежая;Зелень свежая;Овощи;Фрукты и ягоды;Заправки;Пакеты для перепродажи;Традиционная молочная продукция;Консервы овощные;Сыры полутвердые сычужные;Яйцо куриное свежее;Курица охлажденная
Зефир;Зефир;Традиционная молочная продукция;Фрукты и ягоды;Конфеты;Сыры полутвердые сычужные;Печенье;Курица охлажденная;Пакеты для перепродажи;Заправки;Овощи
Зонты;Зонты;Пакеты для перепродажи;Фрукты и ягоды;Традиционная молочная продукция;Овощи;Конфеты;Заправки;Колбасы;Хлеб, промышленное производство;Чай
Игрушки;Игрушки;Фигурный шоколад;Детская гигиена;Пакеты для перепродажи;Книги;Конфеты;Традиционная молочная продукция;Фрукты и ягоды;Школьные принадлежности;Детское нижнее белье
Икра имитированная фирменная упаковка;Икра имитированная фирменная упаковка;Заправки;Традиционная молочная продукция;Пакеты для перепродажи;Пресервы рыбные и из морепродуктов;Фрукты и ягоды;Колбасы;Конфеты;Чай;Деликатесы мясные
Икра натуральная;Икра натуральная;Заправки;Фрукты и ягоды;Деликатесы мясные;Традиционная молочная продукция;Пакеты для перепродажи;Колбасы;Консервы овощные;Сыры полутвердые сычужные;Овощи
Импортное пиво;Импортное пиво;Пакеты для перепродажи;Вина тихие;Деликатесы мясные;Живое и разливное пиво;Консервы овощные;Детская молочная продукция;Яйцо куриное свежее;Соки, нектары, морсы, компоты;Традиционная молочная продукция
Инсектициды и репелленты;Инсектициды и репелленты;Фрукты и ягоды;Традиционная молочная продукция;Пакеты для перепродажи;Овощи;Заправки;Колбасы;Упаковочные и подсобные материалы;Деликатесы мясные;Яйцо куриное свежее
Какао;Какао;Традиционная молочная продукция;Заправки;Пакеты для перепродажи;Фрукты и ягоды;Конфеты;Сыры полутвердые сычужные;Чай;Печенье;Туалетная бумага, полотенца, салфетки, скатерти
Карты постоянного покупателя;Карты постоянного покупателя;Традиционная молочная продукция;Конфеты;Пакеты для перепродажи;Чай;Фрукты и ягоды;Колбасы;Овощи;Заправки;Деликатесы мясные
Каши;Каши;Традиционная молочная продукция;Фрукты и ягоды;Крупы;Пакеты для перепродажи;Заправки;Овощи;Сыры полутвердые сычужные;Курица охлажденная;Чай
Клеи;Клеи;Пакеты для перепродажи;Заправки;Традиционная молочная продукция;Фрукты и ягоды;Конфеты;Сахар, соль;Печенье;Туалетная бумага, полотенца, салфетки, скатерти;Овощи
Климатическая техника;Климатическая техника;Колбасы;Заправки;Конфеты;Пакеты для перепродажи;Чай;Овощи;Фрукты и ягоды;Средства по уходу за волосами, аксессуары для волос;Туалетная бумага, полотенца, салфетки, скатерти
Книги;Книги;Школьные принадлежности;Игрушки;Детская гигиена;Традиционная молочная продукция;Фрукты и ягоды;Конфеты;Пакеты для перепродажи;Фигурный шоколад;Детское нижнее белье
Козьи и овечьи сыры;Козьи и овечьи сыры;Сыры твердые сычужные;Сыры мягкие с плесенью;Другая птица охлажденная;Зелень свежая;Фрукты и ягоды;Сыры рассольные;Овощи;Вина тихие;Деликатесы мясные
Колбасы;Колбасы;Традиционная молочная продукция;Сыры полутвердые сычужные;Заправки;Фрукты и ягоды;Пакеты для перепродажи;Хлеб, промышленное производство;Деликатесы мясные;Курица охлажденная;Конфеты
Компьютерная мультимедиа;Компьютерная мультимедиа;Пакеты для перепродажи;Конфеты;Заправки;Крупы;Колбасы;Чай;Кофе;Фрукты и ягоды;Печенье
Компьютерная периферия;Компьютерная периферия;Электроинсталляционные товары;Элементы питания;Другой ручной инструмент и инвентарь;Рыба и морепродукты вяленые собственная упаковка, самообслуживание;Фрукты и ягоды;Пресса;Оборудование для фитнеса;Рыба и морепродукты вяленые обслуживание;Пакеты для перепродажи
Консервы мясные;Консервы мясные;Заправки;Традиционная молочная продукция;Колбасы;Макаронные изделия;Пакеты для перепродажи;Чай;Курица охлажденная;Конфеты;Консервы рыбные
Консервы овощные;Консервы овощные;Заправки;Овощи;Традиционная молочная продукция;Фрукты и ягоды;Пакеты для перепродажи;Сыры полутвердые сычужные;Колбасы;Курица охлажденная;Яйцо куриное свежее
Консервы рыбные;Консервы рыбные;Заправки;Традиционная молочная продукция;Овощи;Фрукты и ягоды;Колбасы;Консервы овощные;Курица охлажденная;Конфеты;Пакеты для перепродажи
Консервы фруктовые;Консервы фруктовые;Традиционная молочная продукция;Консервы овощные;Овощи;Фрукты и ягоды;Пакеты для перепродажи;Заправки;Туалетная бумага, полотенца, салфетки, скатерти;Яйцо куриное свежее;Чай
Конфеты;Конфеты;Традиционная молочная продукция;Фрукты и ягоды;Заправки;Пакеты для перепродажи;Чай;Печенье;Колбасы;Сыры полутвердые сычужные;Овощи
Конфеты в коробках;Конфеты в коробках;Традиционная молочная продукция;Пакеты для перепродажи;Фрукты и ягоды;Шоколадные плитки;Чай;Конфеты;Сыры полутвердые сычужные;Заправки;Печенье
Коньяки и бренди;Коньяки и бренди;Пакеты для перепродажи;Заправки;Фрукты и ягоды;Колбасы;Традиционная молочная продукция;Деликатесы мясные;Овощи;Сыры полутвердые сычужные;Вина тихие
Кости пищевые и суповые охлажденные;Кости пищевые и суповые охлажденные;Крупы;Овощи;Традиционная молочная продукция;Заправки;Фрукты и ягоды;Курица охлажденная;Пакеты для перепродажи;Хлеб, промышленное производство;Яйцо куриное свежее
Кофе;Кофе;Пакеты для перепродажи;Традиционная молочная продукция;Заправки;Конфеты;Чай;Фрукты и ягоды;Овощи;Сахар, соль;Колбасы
Крекеры;Крекеры;Традиционная молочная продукция;Конфеты;Печенье;Фрукты и ягоды;Заправки;Пряники, вафли, бисквиты, круассаны длительного хранения;Пакеты для перепродажи;Колбасы;Хлеб, промышленное производство
Крепленые вина;Крепленые вина;Пакеты для перепродажи;Заправки;Лимонады;Традиционная молочная продукция;Соки, нектары, морсы, компоты;Фрукты и ягоды;Колбасы;Сыры полутвердые сычужные;Овощи
Кролик охлажденный;Кролик охлажденный;Другая птица охлажденная;Субпродукты мясные охлажденные;Охлажденные рыба и морепродукты обслуживание;Зелень свежая;Овощи;Консервы овощные;Мука;Фрукты и ягоды;Импортное пиво
Крупная бытовая техника;Крупная бытовая техника;Вина тихие;Холодные блюда готовые, фирменная упаковка, самообслуживание;Женская одежда;Садовый инвентарь, оборудование  и техника;Сыры твердые сычужные;Консервы рыбные;Лампы;Другие строительные товары;Товары для дома универсальные
Крупы;Крупы;Традиционная молочная продукция;Заправки;Макаронные изделия;Фрукты и ягоды;Овощи;Сахар, соль;Курица охлажденная;Пакеты для перепродажи;Туалетная бумага, полотенца, салфетки, скатерти
Кукурузные палочки;Кукурузные палочки;Пакеты для перепродажи;Конфеты;Традиционная молочная продукция;Чипсы;Печенье;Заправки;Фрукты и ягоды;Макаронные изделия;Пряники, вафли, бисквиты, круассаны длительного хранения
Курица глубокой заморозки ;Курица глубокой заморозки ;Традиционная молочная продукция;Заправки;Курица охлажденная;Фрукты и ягоды;Крупы;Колбасы;Продукты для животных;Овощи;Пакеты для перепродажи
Курица охлажденная;Курица охлажденная;Традиционная молочная продукция;Фрукты и ягоды;Пакеты для перепродажи;Заправки;Овощи;Сыры полутвердые сычужные;Макаронные изделия;Колбасы;Яйцо куриное свежее
Кухонная утварь;Кухонная утварь;Заправки;Традиционная молочная продукция;Фрукты и ягоды;Пакеты для перепродажи;Конфеты;Овощи;Чай;Туалетная бумага, полотенца, салфетки, скатерти;Колбасы
Лакокрасочные материалы;Лакокрасочные материалы;Коньяки и бренди;Слесарно-монтажный инструмент;Автохимия и автокосметика;Сигареты;Средства для бритья и депиляции;Морепродукты глубокой заморозки;Другие строительные товары;Консервы рыбные;Жевательная резинка и освежающие драже
Лампы;Лампы;Пакеты для перепродажи;Заправки;Традиционная молочная продукция;Фрукты и ягоды;Туалетная бумага, полотенца, салфетки, скатерти;Чай;Овощи;Курица охлажденная;Сахар, соль
Ликеры;Ликеры;Пакеты для перепродажи;Шампанское и игристые вина;Пиво производства России и СНГ;Лимонады;Чипсы;Заправки;Соки, нектары, морсы, компоты;Туалетная бумага, полотенца, салфетки, скатерти;Другие крепкие алкогольные напитки
Лимонады;Лимонады;Пакеты для перепродажи;Чипсы;Соки, нектары, морсы, компоты;Заправки;Жевательная резинка и освежающие драже;Шоколадные батончики;Колбасы;Конфеты;Традиционная молочная продукция
Лососевые глубокой заморозки;Лососевые глубокой заморозки;Фрукты и ягоды;Белая рыба глубокой заморозки;Традиционная молочная продукция;Овощи;Сыры полутвердые сычужные;Заправки;Курица охлажденная;Конфеты;Хлеб, промышленное производство
Лыжи, лыжные аксессуары;Лыжи, лыжные аксессуары;Санки;Рыба соленая обслуживание;Книги;Ликеры;Школьные принадлежности;Сухарики фасованные;Полуфабрикаты из рыбы глубокой заморозки;Новогодние товары;Холодные блюда готовые, фирменная упаковка, самообслуживание
Макаронные изделия;Макаронные изделия;Заправки;Традиционная молочная продукция;Крупы;Пакеты для перепродажи;Курица охлажденная;Сахар, соль;Чай;Овощи;Колбасы
Мармелад;Мармелад;Пакеты для перепродажи;Конфеты;Традиционная молочная продукция;Фрукты и ягоды;Современная молочная продукция;Печенье;Сыры полутвердые сычужные;Пряники, вафли, бисквиты, круассаны длительного хранения;Заправки
Масла;Масла;Эксплуатационные жидкости;Пакеты для перепродажи;Автохимия и автокосметика;Заправки;Автопринадлежности;Традиционная молочная продукция;Фрукты и ягоды;Хлеб, собственное производство;Макаронные изделия
Матрацы;Матрацы;Другие замороженные полуфабрикаты фирменная упаковка;Постельное белье;Кухонная утварь;Средства по уходу за тканями;Туалетная бумага, полотенца, салфетки, скатерти;Курица охлажденная;Хлеб, промышленное производство;Макаронные изделия;Фрукты и ягоды
Мед;Мед;Овощи;Консервы фруктовые;Традиционная молочная продукция;Фрукты и ягоды;Заправки;Яйцо куриное свежее;Пакеты для перепродажи;Зелень свежая;Хлеб, промышленное производство
Мелкая бытовая техника;Мелкая бытовая техника;Пакеты для перепродажи;Заправки;Традиционная молочная продукция;Фрукты и ягоды;Конфеты;Чай;Овощи;Сыры полутвердые сычужные;Курица охлажденная
Морепродукты глубокой заморозки;Морепродукты глубокой заморозки;Пакеты для перепродажи;Зелень свежая;Заправки;Овощи;Фрукты и ягоды;Деликатесы мясные;Сыры полутвердые сычужные;Консервы овощные;Традиционная молочная продукция
Мороженое;Мороженое;Традиционная молочная продукция;Фрукты и ягоды;Пакеты для перепродажи;Конфеты;Печенье;Колбасы;Современная молочная продукция;Заправки;Сыры полутвердые сычужные
Мужская обувь;Мужская обувь;Женская обувь;Традиционная молочная продукция;Заправки;Фрукты и ягоды;Пакеты для перепродажи;Туалетная бумага, полотенца, салфетки, скатерти;Чай;Колбасы;Конфеты
Мужская одежда;Мужская одежда;Мужское нижнее белье;Головные уборы;Чай;Резиновая обувь;Заправки;Традиционная молочная продукция;Фрукты и ягоды;Стельки для обуви;Хлеб, промышленное производство
Мужское нижнее белье;Мужское нижнее белье;Традиционная молочная продукция;Пакеты для перепродажи;Заправки;Фрукты и ягоды;Чай;Туалетная бумага, полотенца, салфетки, скатерти;Овощи;Сыры полутвердые сычужные;Курица охлажденная
Мука;Мука;Заправки;Традиционная молочная продукция;Сахар, соль;Овощи;Фрукты и ягоды;Крупы;Яйцо куриное свежее;Макаронные изделия;Сыры полутвердые сычужные
Мыло;Мыло;Туалетная бумага, полотенца, салфетки, скатерти;Средства по уходу за полостью рта;Пакеты для перепродажи;Традиционная молочная продукция;Заправки;Средства по уходу за волосами, аксессуары для волос;Чай;Фрукты и ягоды;Средства для стирки
Мясные снэки фасованные;Мясные снэки фасованные;Сырные снэки фасованные;Живое и разливное пиво;Рыба и морепродукты вяленые;Орехи, сухофрукты;Попкорн;Пиво производства России и СНГ;Пакеты для перепродажи;Игрушки;Виски
Мясо глубокой заморозки фирменная упаковка, самообслуживание;Мясо глубокой заморозки фирменная упаковка, самообслуживание;Традиционная молочная продукция;Фрукты и ягоды;Заправки;Колбасы;Курица охлажденная;Макаронные изделия;Яйцо куриное свежее;Сыры полутвердые сычужные;Пакеты для перепродажи
Наполнители;Наполнители;Продукты для животных;Пакеты для перепродажи;Туалетная бумага, полотенца, салфетки, скатерти;Заправки;Курица охлажденная;Традиционная молочная продукция;Овощи;Макаронные изделия;Упаковочные и подсобные материалы
Новогодние товары;Новогодние товары;Фрукты и ягоды;Пакеты для перепродажи;Сезонные сладости;Традиционная молочная продукция;Конфеты;Туалетная бумага, полотенца, салфетки, скатерти;Чай;Заправки;Сыры полутвердые сычужные
Оборудование для детей;Оборудование для детей;Эксплуатационные жидкости;Товары для новорожденных;Светильники;Детская гигиена;Сидры, медовуха, пуаре;Лососевые глубокой заморозки;Масла;Продукты для здорового питания;Консервы овощные
Оборудование для фитнеса;Оборудование для фитнеса;Теннис;Игрушки;Детская гигиена;Детское нижнее белье;Пакеты для перепродажи;Детская молочная продукция;Конфеты;Жевательная резинка и освежающие драже;Готовое детское питание
Овощи;Овощи;Фрукты и ягоды;Традиционная молочная продукция;Заправки;Пакеты для перепродажи;Зелень свежая;Яйцо куриное свежее;Сыры полутвердые сычужные;Курица охлажденная;Туалетная бумага, полотенца, салфетки, скатерти
Одеяла с наполнителем;Одеяла с наполнителем;Подушки;Постельное белье;Традиционная молочная продукция;Фрукты и ягоды;Заправки;Овощи;Туалетная бумага, полотенца, салфетки, скатерти;Чай;Деликатесы мясные
Одеяла, пледы, покрывала;Одеяла, пледы, покрывала;Конфеты;Традиционная молочная продукция;Фрукты и ягоды;Чай;Туалетная бумага, полотенца, салфетки, скатерти;Заправки;Пакеты для перепродажи;Женское нижнее белье;Средства по уходу за волосами, аксессуары для волос
Одноразовая посуда и сопутствующие товары;Одноразовая посуда и сопутствующие товары;Пакеты для перепродажи;Туалетная бумага, полотенца, салфетки, скатерти;Соки, нектары, морсы, компоты;Товары для туризма;Заправки;Конфеты;Традиционная молочная продукция;Колбасы;Фрукты и ягоды
Орехи соленые фасованные;Орехи соленые фасованные;Пиво производства России и СНГ;Пакеты для перепродажи;Сухарики фасованные;Живое и разливное пиво;Чипсы;Жевательная резинка и освежающие драже;Соки, нектары, морсы, компоты;Традиционная молочная продукция;Конфеты
Орехи, сухофрукты;Орехи, сухофрукты;Фрукты и ягоды;Традиционная молочная продукция;Пакеты для перепродажи;Овощи;Сыры полутвердые сычужные;Заправки;Яйцо куриное свежее;Конфеты;Современная молочная продукция
Освежители;Освежители;Туалетная бумага, полотенца, салфетки, скатерти;Заправки;Пакеты для перепродажи;Средства по уходу за волосами, аксессуары для волос;Чай;Конфеты;Макаронные изделия;Колбасы;Традиционная молочная продукция
Офисная мебель;Офисная мебель;Товары для интерьера;Слесарно-монтажный инструмент;Головные уборы;Стельки для обуви;Семечки фасованные;Электроинсталляционные товары;Орехи соленые фасованные;Пироги и пицца, собственное производство;Свежие соки ПП
Офисные принадлежности;Офисные принадлежности;Школьные принадлежности;Пакеты для перепродажи;Традиционная молочная продукция;Заправки;Туалетная бумага, полотенца, салфетки, скатерти;Фрукты и ягоды;Конфеты;Макаронные изделия;Печенье
Охлажденные рыба и морепродукты обслуживание;Охлажденные рыба и морепродукты обслуживание;Фрукты и ягоды;Овощи;Традиционная молочная продукция;Заправки;Сыры полутвердые сычужные;Пакеты для перепродажи;Курица охлажденная;Деликатесы мясные;Яйцо куриное свежее
Пакеты для перепродажи;Пакеты для перепродажи;Традиционная молочная продукция;Заправки;Фрукты и ягоды;Овощи;Курица охлажденная;Яйцо куриное свежее;Хлеб, промышленное производство;Колбасы;Туалетная бумага, полотенца, салфетки, скатерти
Парфюмерия;Парфюмерия;Заправки;Дезодоранты;Средства по уходу за волосами, аксессуары для волос;Овощи;Макаронные изделия;Туалетная бумага, полотенца, салфетки, скатерти;Колбасы;Пакеты для перепродажи;Конфеты
Паштеты и масла рыбные;Паштеты и масла рыбные;Пакеты для перепродажи;Заправки;Традиционная молочная продукция;Деликатесы мясные;Фрукты и ягоды;Колбасы;Современная молочная продукция;Курица охлажденная;Сыры полутвердые сычужные
Паштеты охлажденные, террин и фуа-гра;Паштеты охлажденные, террин и фуа-гра;Колбасы;Пакеты для перепродажи;Традиционная молочная продукция;Заправки;Курица охлажденная;Хлеб, промышленное производство;Деликатесы мясные;Конфеты;Сосиски, сардельки, колбаски
Печатная продукция;Печатная продукция;Традиционная молочная продукция;Фрукты и ягоды;Пакеты для перепродажи;Другие товары к праздникам;Конфеты;Заправки;Сыры полутвердые сычужные;Туалетная бумага, полотенца, салфетки, скатерти;Чай
Печенье;Печенье;Традиционная молочная продукция;Фрукты и ягоды;Пакеты для перепродажи;Пряники, вафли, бисквиты, круассаны длительного хранения;Конфеты;Сыры полутвердые сычужные;Курица охлажденная;Колбасы;Заправки
Пиво производства России и СНГ;Пиво производства России и СНГ;Пакеты для перепродажи;Чипсы;Заправки;Колбасы;Хлеб, промышленное производство;Сигареты;Традиционная молочная продукция;Сухарики фасованные;Соки, нектары, морсы, компоты
Пироги и пицца, производство ФК;Пироги и пицца, производство ФК;Выпечные и сдобные изделия, производство ФК;Хлеб, производство ФК;Хлеб, промышленное производство;Традиционная молочная продукция;Выпечные и сдобные изделия, промышленное производство;Фрукты и ягоды;Пряники, вафли, бисквиты, круассаны длительного хранения;Печенье;Колбасы
Пироги и пицца, собственное производство;Пироги и пицца, собственное производство;Выпечные и сдобные изделия, собственное производство;Холодные блюда готовые с Фабрики Кухни, обслуживание;Традиционная молочная продукция;Пакеты для перепродажи;Фрукты и ягоды;Овощи;Горячие блюда готовые, обслуживание;Конфеты;Деликатесы мясные
Пирожные;Пирожные;Пакеты для перепродажи;Традиционная молочная продукция;Фрукты и ягоды;Конфеты;Овощи;Современная молочная продукция;Сыры полутвердые сычужные;Курица охлажденная;Выпечные и сдобные изделия, собственное производство
Плавленые сыры и сырные продукты;Плавленые сыры и сырные продукты;Традиционная молочная продукция;Заправки;Колбасы;Фрукты и ягоды;Конфеты;Хлеб, промышленное производство;Овощи;Пакеты для перепродажи;Чай
Пластиковая посуда;Пластиковая посуда;Кухонная утварь;Пакеты для перепродажи;Емкости для пищи;Заправки;Туалетная бумага, полотенца, салфетки, скатерти;Овощи;Фрукты и ягоды;Традиционная молочная продукция;Средства по уходу за волосами, аксессуары для волос
Платки носовые текстильные;Платки носовые текстильные;Пластиковая посуда;Одеяла с наполнителем;Светильники;Слесарно-монтажный инструмент;Мужская обувь;Другие строительные товары;Одноразовая посуда и сопутствующие товары;Конфеты в коробках;Головные уборы
Подушки;Подушки;Одеяла с наполнителем;Традиционная молочная продукция;Фрукты и ягоды;Заправки;Пакеты для перепродажи;Конфеты;Туалетная бумага, полотенца, салфетки, скатерти;Овощи;Чай
Полотенца;Полотенца;Фрукты и ягоды;Традиционная молочная продукция;Конфеты;Туалетная бумага, полотенца, салфетки, скатерти;Чай;Заправки;Овощи;Хлеб, промышленное производство;Колбасы
Полуфабрикаты из рыбы глубокой заморозки;Полуфабрикаты из рыбы глубокой заморозки;Традиционная молочная продукция;Заправки;Овощи;Фрукты и ягоды;Курица охлажденная;Сыры полутвердые сычужные;Чай;Пакеты для перепродажи;Крупы
Полуфабрикаты мясные охлажденные;Полуфабрикаты мясные охлажденные;Пакеты для перепродажи;Традиционная молочная продукция;Заправки;Колбасы;Курица охлажденная;Фрукты и ягоды;Деликатесы мясные;Овощи;Свинина охлажденная
Попкорн;Попкорн;Пакеты для перепродажи;Чипсы;Заправки;Конфеты;Фрукты и ягоды;Традиционная молочная продукция;Макаронные изделия;Современная молочная продукция;Лимонады
Посадочный материал;Посадочный материал;Традиционная молочная продукция;Грунты, удобрения, средства;Фрукты и ягоды;Конфеты;Заправки;Деликатесы мясные;Колбасы;Сыры полутвердые сычужные;Чай
Постельное белье;Постельное белье;Заправки;Пакеты для перепродажи;Курица охлажденная;Традиционная молочная продукция;Фрукты и ягоды;Колбасы;Конфеты;Чай;Овощи
Посуда детская;Посуда детская;Печатная продукция;Традиционная молочная продукция;Холодные блюда готовые, фирменная упаковка, самообслуживание;Конфеты;Фрукты и ягоды;рыба и морепродукты вяленые фирменная упаковка;Пряники, вафли, бисквиты, круассаны длительного хранения;Баранки, сушки, сухари, галеты;Овощи
Посуда для приготовления;Посуда для приготовления;Традиционная молочная продукция;Заправки;Фрукты и ягоды;Чай;Конфеты;Кухонная утварь;Овощи;Пакеты для перепродажи;Сыры полутвердые сычужные
Посуда столовая;Посуда столовая;Пакеты для перепродажи;Традиционная молочная продукция;Фрукты и ягоды;Заправки;Чай;Туалетная бумага, полотенца, салфетки, скатерти;Кухонная утварь;Конфеты;Овощи
Пресервы рыбные и из морепродуктов;Пресервы рыбные и из морепродуктов;Традиционная молочная продукция;Фрукты и ягоды;Заправки;Овощи;Колбасы;Деликатесы мясные;Сыры полутвердые сычужные;Хлеб, промышленное производство;Пакеты для перепродажи
Пресса;Пресса;Традиционная молочная продукция;Фрукты и ягоды;Овощи;Конфеты;Чай;Колбасы;Заправки;Хлеб, промышленное производство;Туалетная бумага, полотенца, салфетки, скатерти
Приправы и специи;Приправы и специи;Заправки;Пакеты для перепродажи;Овощи;Макаронные изделия;Традиционная молочная продукция;Курица охлажденная;Чай;Фрукты и ягоды;Сахар, соль
Продукты быстрого приготовления;Продукты быстрого приготовления;Пакеты для перепродажи;Заправки;Макаронные изделия;Сахар, соль;Традиционная молочная продукция;Колбасы;Хлеб, промышленное производство;Чай;Конфеты
Продукты для беременных и кормящих мам;Продукты для беременных и кормящих мам;Спортивные игры с мячом;Заменители молока;Детская гигиена;Товары для новорожденных;Детская каша;Сыры полутвердые сычужные;Телятина охлажденная;Печенье;Свинина охлажденная
Продукты для животных;Продукты для животных;Пакеты для перепродажи;Курица охлажденная;Традиционная молочная продукция;Заправки;Колбасы;Сосиски, сардельки, колбаски;Чай;Овощи;Туалетная бумага, полотенца, салфетки, скатерти
Продукты для здорового питания;Продукты для здорового питания;Традиционная молочная продукция;Пакеты для перепродажи;Современная молочная продукция;Фрукты и ягоды;Печенье;Заправки;Конфеты;Курица охлажденная;Макаронные изделия
Продукты из сурими глубокой заморозки;Продукты из сурими глубокой заморозки;Консервы овощные;Заправки;Традиционная молочная продукция;Колбасы;Сыры полутвердые сычужные;Фрукты и ягоды;Пакеты для перепродажи;Овощи;Курица охлажденная
Продукты из сурими охлажденные фирменная упаковка;Продукты из сурими охлажденные фирменная упаковка;Консервы овощные;Пакеты для перепродажи;Традиционная молочная продукция;Заправки;Сыры полутвердые сычужные;Конфеты;Овощи;Колбасы;Фрукты и ягоды
Пряники, вафли, бисквиты, круассаны длительного хранения;Пряники, вафли, бисквиты, круассаны длительного хранения;Традиционная молочная продукция;Печенье;Конфеты;Фрукты и ягоды;Пакеты для перепродажи;Колбасы;Заправки;Хлеб, промышленное производство;Курица охлажденная
Птица копченая;Птица копченая;Деликатесы мясные;Пакеты для перепродажи;Сыры полутвердые сычужные;Консервы овощные;Колбасы;Заправки;Овощи;Традиционная молочная продукция;Фрукты и ягоды
Расходные материалы;Расходные материалы;Компьютерная мультимедиа;Деликатесы мясные;Пакеты для перепродажи;Элементы питания;Туалетная бумага, полотенца, салфетки, скатерти;Фрукты и ягоды;Традиционная молочная продукция;Консервы фруктовые;Заправки
Резервная категория СТОЛОВАЯ;Резервная категория СТОЛОВАЯ;Кофе;Выпечные и сдобные изделия, собственное производство;Попкорн;Вода питьевая;Чипсы;Жевательная резинка и освежающие драже;Семечки фасованные;Горячие блюда готовые с Фабрики Кухни, обслуживание;Лимонады
Резервная категория Сырье и п/ф не для продажи;Резервная категория Сырье и п/ф не для продажи;Зонты;Другая птица охлажденная;Товары для кухни;Икра натуральная;Мужская обувь;Консервы фруктовые;Мармелад;Товары для дома универсальные;Туалетная бумага, полотенца, салфетки, скатерти
Резиновая обувь;Резиновая обувь;Традиционная молочная продукция;Фрукты и ягоды;Заправки;Деликатесы мясные;Колбасы;Сыры полутвердые сычужные;Конфеты;Пакеты для перепродажи;Чай
Ремни, перчатки;Ремни, перчатки;Фрукты и ягоды;Традиционная молочная продукция;Детское нижнее белье;Пакеты для перепродажи;Заправки;Туалетная бумага, полотенца, салфетки, скатерти;Конфеты;Детская гигиена;Макаронные изделия
Ролики, аксессуары;Ролики, аксессуары;Товары для Дня рождения;Средства по уходу за полостью рта;Другой ручной инструмент и инвентарь;Сезонная парфюмерно-косметическая продукция;Офисные принадлежности;Пирожные;Школьные принадлежности;Мука;Товары для дома универсальные
Рулеты, кексы, пироги длительного хранения;Рулеты, кексы, пироги длительного хранения;Пакеты для перепродажи;Печенье;Пряники, вафли, бисквиты, круассаны длительного хранения;Конфеты;Традиционная молочная продукция;Колбасы;Заправки;Хлеб, промышленное производство;Макаронные изделия
Рыба и морепродукты вяленые;Рыба и морепродукты вяленые;Пиво производства России и СНГ;Чипсы;Пакеты для перепродажи;Сухарики фасованные;Соки, нектары, морсы, компоты;Лимонады;Жевательная резинка и освежающие драже;Хлеб, промышленное производство;Заправки
Рыба и морепродукты вяленые обслуживание;Рыба и морепродукты вяленые обслуживание;Рыба и морепродукты вяленые собственная упаковка, самообслуживание;Пиво производства России и СНГ;Пакеты для перепродажи;Чипсы;Живое и разливное пиво;Сухарики фасованные;Лимонады;Заправки;Деликатесы мясные
Рыба и морепродукты вяленые собственная упаковка, самообслуживание;Рыба и морепродукты вяленые собственная упаковка, самообслуживание;Рыба и морепродукты вяленые обслуживание;Пиво производства России и СНГ;Пакеты для перепродажи;Живое и разливное пиво;Соки, нектары, морсы, компоты;Заправки;Колбасы;Фрукты и ягоды;Овощи
рыба и морепродукты вяленые фирменная упаковка;рыба и морепродукты вяленые фирменная упаковка;Рыба и морепродукты вяленые обслуживание;Чипсы;Пакеты для перепродажи;Пиво производства России и СНГ;Лимонады;Соки, нектары, морсы, компоты;Заправки;Сухарики фасованные;Традиционная молочная продукция
Рыба и морепродукты глубокой заморозки фирменная упаковка;Рыба и морепродукты глубокой заморозки фирменная упаковка;Традиционная молочная продукция;Фрукты и ягоды;Овощи;Сыры полутвердые сычужные;Курица охлажденная;Заправки;Яйцо куриное свежее;Пакеты для перепродажи;Зелень свежая
Рыба копченая обслуживание;Рыба копченая обслуживание;Фрукты и ягоды;Традиционная молочная продукция;Пакеты для перепродажи;Заправки;Колбасы;Деликатесы мясные;Овощи;Конфеты;Сыры полутвердые сычужные
Рыба копченая фирменная упаковка, самообслуживание;Рыба копченая фирменная упаковка, самообслуживание;Традиционная молочная продукция;Деликатесы мясные;Пакеты для перепродажи;Заправки;Фрукты и ягоды;Колбасы;Овощи;Курица охлажденная;Хлеб, промышленное производство
Рыба соленая обслуживание;Рыба соленая обслуживание;Фрукты и ягоды;Традиционная молочная продукция;Овощи;Заправки;Рыба копченая обслуживание;Колбасы;Охлажденные рыба и морепродукты обслуживание;Деликатесы мясные;Сыры полутвердые сычужные
Рыба соленая собственная упаковка, самообслуживание;Рыба соленая собственная упаковка, самообслуживание;Сокосодержащие безалкогольные напитки;Фрукты и ягоды;Овощи;Традиционная молочная продукция;Заправки;Рыба копченая обслуживание;Охлажденные рыба и морепродукты обслуживание;Пресервы рыбные и из морепродуктов;Рыба соленая обслуживание
Рыба соленая фирменная упаковка, самообслуживание;Рыба соленая фирменная упаковка, самообслуживание;Деликатесы мясные;Традиционная молочная продукция;Фрукты и ягоды;Сыры полутвердые сычужные;Заправки;Овощи;Пакеты для перепродажи;Колбасы;Туалетная бумага, полотенца, салфетки, скатерти
Садовый инвентарь, оборудование  и техника;Садовый инвентарь, оборудование  и техника;Фрукты и ягоды;Традиционная молочная продукция;Посадочный материал;Грунты, удобрения, средства;Заправки;Колбасы;Автопринадлежности;Деликатесы мясные;Конфеты
Санки;Санки;Игрушки;Книги;Детские напитки;Фрукты и ягоды;Фигурный шоколад;Детское нижнее белье;Традиционная молочная продукция;Мука;Колбасы
Сахар, соль;Сахар, соль;Заправки;Традиционная молочная продукция;Пакеты для перепродажи;Макаронные изделия;Овощи;Яйцо куриное свежее;Чай;Хлеб, промышленное производство;Фрукты и ягоды
Свежие соки ПП;Свежие соки ПП;Пакеты для перепродажи;Горячие блюда готовые, обслуживание;Соки, нектары, морсы, компоты;Холодные блюда готовые с Фабрики Кухни, обслуживание;Овощи;Современная молочная продукция;Традиционная молочная продукция;Фрукты и ягоды;Заправки
Светильники;Светильники;Офисные принадлежности;Каши;Элементы питания;Одеяла с наполнителем;Подушки;Книги;Пакеты для перепродажи;Школьные принадлежности;Детская гигиена
Свинина охлажденная;Свинина охлажденная;Традиционная молочная продукция;Фрукты и ягоды;Заправки;Пакеты для перепродажи;Овощи;Колбасы;Курица охлажденная;Яйцо куриное свежее;Деликатесы мясные
Сезонная парфюмерно-косметическая продукция;Сезонная парфюмерно-косметическая продукция;Сезонные сладости;Средства по уходу за волосами, аксессуары для волос;Чай;Конфеты;Фрукты и ягоды;Заправки;Традиционная молочная продукция;Туалетная бумага, полотенца, салфетки, скатерти;Пакеты для перепродажи
Сезонные сладости;Сезонные сладости;Конфеты;Традиционная молочная продукция;Чай;Фрукты и ягоды;Шоколадные плитки;Пряники, вафли, бисквиты, круассаны длительного хранения;Печенье;Пакеты для перепродажи;Туалетная бумага, полотенца, салфетки, скатерти
Семечки фасованные;Семечки фасованные;Пакеты для перепродажи;Традиционная молочная продукция;Фрукты и ягоды;Конфеты;Заправки;Хлеб, промышленное производство;Овощи;Колбасы;Туалетная бумага, полотенца, салфетки, скатерти
Сигареты;Сигареты;Пакеты для перепродажи;Пиво производства России и СНГ;Кофе;Лимонады;Сахар, соль;Заправки;Жевательная резинка и освежающие драже;Колбасы;Хлеб, промышленное производство
Сидры (САНы);Сидры (САНы);Замороженные готовые блюда;Пиво производства России и СНГ;Мармелад;Водка;Пакеты для перепродажи;Фигурный шоколад;Горячие блюда готовые, обслуживание;Другие слабоалкогольные напитки;Сидры, медовуха, пуаре
Сидры, медовуха, пуаре;Сидры, медовуха, пуаре;Пакеты для перепродажи;Чипсы;Заправки;Пиво производства России и СНГ;Лимонады;Современная молочная продукция;Живое и разливное пиво;Соки, нектары, морсы, компоты;Традиционная молочная продукция
Скатерти, салфетки, прихватки;Скатерти, салфетки, прихватки;Полотенца;Традиционная молочная продукция;Фрукты и ягоды;Туалетная бумага, полотенца, салфетки, скатерти;Конфеты;Пакеты для перепродажи;Заправки;Чай;Сыры полутвердые сычужные
Слесарно-монтажный инструмент;Слесарно-монтажный инструмент;Другой ручной инструмент и инвентарь;Столярный и плотницкий инструмент;Пакеты для перепродажи;Автопринадлежности;Заправки;Автохимия и автокосметика;Колбасы;Яйцо куриное свежее;Фрукты и ягоды
Современная молочная продукция;Современная молочная продукция;Традиционная молочная продукция;Пакеты для перепродажи;Фрукты и ягоды;Сыры полутвердые сычужные;Печенье;Конфеты;Курица охлажденная;Заправки;Колбасы
Соки, нектары, морсы, компоты;Соки, нектары, морсы, компоты;Пакеты для перепродажи;Традиционная молочная продукция;Заправки;Современная молочная продукция;Колбасы;Фрукты и ягоды;Конфеты;Овощи;Печенье
Сокосодержащие безалкогольные напитки;Сокосодержащие безалкогольные напитки;Соки, нектары, морсы, компоты;Жевательная резинка и освежающие драже;Вода питьевая;Пакеты для перепродажи;Шоколадные плитки;Рыба соленая собственная упаковка, самообслуживание;Фрукты и ягоды;Сыры копченые;Лимонады
Сокосодержащие напитки и коктейли;Сокосодержащие напитки и коктейли;Лимонады;Чипсы;Пакеты для перепродажи;Соки, нектары, морсы, компоты;Жевательная резинка и освежающие драже;Шоколадные батончики;Современная молочная продукция;Сухарики фасованные;Шоколадные плитки
Сокосодержащие слабоалкогольные напитки;Сокосодержащие слабоалкогольные напитки;Другие слабоалкогольные напитки;Водка;Солодосодержащие безалкогольные напитки;Рыба копченая обслуживание;Холодные блюда готовые, обслуживание;Сосиски, сардельки, колбаски;Джин-тоники слабоалкогольные;Холодные блюда готовые с Фабрики Кухни, обслуживание;Яйцо куриное свежее
Солодосодержащие безалкогольные напитки;Солодосодержащие безалкогольные напитки;Пакеты для перепродажи;Традиционная молочная продукция;Сыры копченые;Колбасы;Сосиски, сардельки, колбаски;Хлеб, промышленное производство;Лимонады;Фрукты и ягоды;Сыры полутвердые сычужные
Сопутствующие товары для дачи;Сопутствующие товары для дачи;Фрукты и ягоды;Посадочный материал;Грунты, удобрения, средства;Традиционная молочная продукция;Садовый инвентарь, оборудование  и техника;Деликатесы мясные;Заправки;Чай;Конфеты
Сосиски, сардельки, колбаски;Сосиски, сардельки, колбаски;Традиционная молочная продукция;Колбасы;Пакеты для перепродажи;Курица охлажденная;Заправки;Хлеб, промышленное производство;Фрукты и ягоды;Сыры полутвердые сычужные;Макаронные изделия
Спортивные игры с мячом;Спортивные игры с мячом;Другие замороженные полуфабрикаты фирменная упаковка;Продукты для беременных и кормящих мам;Сопутствующие товары для дачи;Замороженные фрукты, овощи, ягоды, грибы фирменная упаковка;Горячие блюда готовые, обслуживание;Замороженные готовые блюда;Выпечные и сдобные изделия, производство ФК;Горячие блюда готовые с Фабрики Кухни, обслуживание;Расходные материалы
Средства для бритья и депиляции;Средства для бритья и депиляции;Пакеты для перепродажи;Средства по уходу за полостью рта;Заправки;Средства по уходу за волосами, аксессуары для волос;Традиционная молочная продукция;Туалетная бумага, полотенца, салфетки, скатерти;Чай;Макаронные изделия;Фрукты и ягоды
Средства для ванны и душа;Средства для ванны и душа;Средства по уходу за волосами, аксессуары для волос;Пакеты для перепродажи;Средства по уходу за полостью рта;Заправки;Туалетная бумага, полотенца, салфетки, скатерти;Традиционная молочная продукция;Чай;Женская гигиена;Фрукты и ягоды
Средства для мытья посуды;Средства для мытья посуды;Туалетная бумага, полотенца, салфетки, скатерти;Заправки;Пакеты для перепродажи;Традиционная молочная продукция;Чистящие и моющие средства;Чай;Овощи;Средства для стирки;Макаронные изделия
Средства для обуви и одежды;Средства для обуви и одежды;Пакеты для перепродажи;Средства по уходу за полостью рта;Фрукты и ягоды;Традиционная молочная продукция;Заправки;Туалетная бумага, полотенца, салфетки, скатерти;Уборочный инвентарь;Овощи;Сыры полутвердые сычужные
Средства для стирки;Средства для стирки;Туалетная бумага, полотенца, салфетки, скатерти;Традиционная молочная продукция;Заправки;Пакеты для перепродажи;Фрукты и ягоды;Чай;Овощи;Макаронные изделия;Средства по уходу за полостью рта
Средства для туалета;Средства для туалета;Чистящие и моющие средства;Пакеты для перепродажи;Туалетная бумага, полотенца, салфетки, скатерти;Заправки;Средства по уходу за полостью рта;Традиционная молочная продукция;Фрукты и ягоды;Чай;Сыры полутвердые сычужные
Средства по уходу за волосами, аксессуары для волос;Средства по уходу за волосами, аксессуары для волос;Пакеты для перепродажи;Средства по уходу за полостью рта;Заправки;Туалетная бумага, полотенца, салфетки, скатерти;Традиционная молочная продукция;Чай;Фрукты и ягоды;Конфеты;Женская гигиена
Средства по уходу за лицом;Средства по уходу за лицом;Универсальные гигиенические средства;Средства по уходу за волосами, аксессуары для волос;Средства по уходу за полостью рта;Женская гигиена;Пакеты для перепродажи;Туалетная бумага, полотенца, салфетки, скатерти;Традиционная молочная продукция;Фрукты и ягоды;Средства по уходу за руками и ногами
Средства по уходу за полостью рта;Средства по уходу за полостью рта;Пакеты для перепродажи;Традиционная молочная продукция;Заправки;Фрукты и ягоды;Туалетная бумага, полотенца, салфетки, скатерти;Чай;Средства по уходу за волосами, аксессуары для волос;Сыры полутвердые сычужные;Курица охлажденная
Средства по уходу за руками и ногами;Средства по уходу за руками и ногами;Средства по уходу за лицом;Средства по уходу за полостью рта;Средства по уходу за волосами, аксессуары для волос;Фрукты и ягоды;Традиционная молочная продукция;Туалетная бумага, полотенца, салфетки, скатерти;Универсальные гигиенические средства;Чай;Конфеты
Средства по уходу за телом;Средства по уходу за телом;Средства по уходу за лицом;Средства для ванны и душа;Средства по уходу за волосами, аксессуары для волос;Средства по уходу за полостью рта;Пакеты для перепродажи;Фрукты и ягоды;Средства по уходу за руками и ногами;Женская гигиена;Заправки
Средства по уходу за тканями;Средства по уходу за тканями;Средства для стирки;Чистящие и моющие средства;Пакеты для перепродажи;Туалетная бумага, полотенца, салфетки, скатерти;Заправки;Традиционная молочная продукция;Средства для мытья посуды;Средства по уходу за волосами, аксессуары для волос;Фрукты и ягоды
Средства связи;Средства связи;Новогодние товары;Восточные сладости;Мужская одежда;Кости пищевые и суповые охлажденные;Консервы фруктовые;Слесарно-монтажный инструмент;Сокосодержащие напитки и коктейли;Соки, нектары, морсы, компоты;Шоколадные батончики
Стельки для обуви;Стельки для обуви;Фрукты и ягоды;Традиционная молочная продукция;Заправки;Конфеты;Чай;Деликатесы мясные;Колбасы;Туалетная бумага, полотенца, салфетки, скатерти;Курица охлажденная
Столовые аксессуары;Столовые аксессуары;Посуда для приготовления;Кухонная утварь;Традиционная молочная продукция;Туалетная бумага, полотенца, салфетки, скатерти;Чай;Фрукты и ягоды;Заправки;Пакеты для перепродажи;Сыры полутвердые сычужные
Столярный и плотницкий инструмент;Столярный и плотницкий инструмент;Слесарно-монтажный инструмент;Другой ручной инструмент и инвентарь;Другие строительные товары;Автопринадлежности;Автохимия и автокосметика;Пакеты для перепродажи;Заправки;Туалетная бумага, полотенца, салфетки, скатерти;Чай
Субпродукты мясные охлажденные;Субпродукты мясные охлажденные;Свинина охлажденная;Фрукты и ягоды;Традиционная молочная продукция;Говядина охлажденная;Овощи;Заправки;Яйцо куриное свежее;Сыры полутвердые сычужные;Колбасы
Сумки;Сумки;Детская обувь;Замороженные полуфабрикаты из рыбы и морепродуктов весовые;Замороженные полуфабрикаты из рыбы и морепродуктов фирменная упаковка;Офисные принадлежности;Электроинсталляционные товары;Замороженные фрукты, овощи, ягоды, грибы фирменная упаковка;Субпродукты мясные охлажденные;Выпечные и сдобные изделия, производство ФК;Ремни, перчатки
Сухарики фасованные;Сухарики фасованные;Чипсы;Пакеты для перепродажи;Пиво производства России и СНГ;Лимонады;Жевательная резинка и освежающие драже;Конфеты;Колбасы;Заправки;Соки, нектары, морсы, компоты
Сухие десерты, продукты для выпечки, крахмал;Сухие десерты, продукты для выпечки, крахмал;Традиционная молочная продукция;Заправки;Фрукты и ягоды;Овощи;Мука;Яйцо куриное свежее;Пакеты для перепродажи;Сахар, соль;Крупы
Сырные снэки фасованные;Сырные снэки фасованные;Мясные снэки фасованные;Рыба и морепродукты вяленые;Пиво производства России и СНГ;Сухарики фасованные;Пакеты для перепродажи;Чипсы;Орехи соленые фасованные;Соки, нектары, морсы, компоты;Жевательная резинка и освежающие драже
Сыры копченые;Сыры копченые;Традиционная молочная продукция;Пакеты для перепродажи;Фрукты и ягоды;Заправки;Колбасы;Сыры полутвердые сычужные;Хлеб, промышленное производство;Овощи;Конфеты
Сыры мягкие с плесенью;Сыры мягкие с плесенью;Сыры твердые сычужные;Зелень свежая;Баранина охлажденная;Вина тихие;Деликатесы мясные;Фрукты и ягоды;Пакеты для перепродажи;Сыры рассольные;Сыры полутвердые сычужные
Сыры полутвердые сычужные;Сыры полутвердые сычужные;Традиционная молочная продукция;Фрукты и ягоды;Колбасы;Заправки;Овощи;Курица охлажденная;Пакеты для перепродажи;Конфеты;Деликатесы мясные
Сыры рассольные;Сыры рассольные;Традиционная молочная продукция;Фрукты и ягоды;Овощи;Сыры полутвердые сычужные;Зелень свежая;Заправки;Консервы овощные;Пакеты для перепродажи;Яйцо куриное свежее
Сыры твердые сычужные;Сыры твердые сычужные;Сыры мягкие с плесенью;Зелень свежая;Сыры рассольные;Фрукты и ягоды;Традиционная молочная продукция;Сыры полутвердые сычужные;Овощи;Пакеты для перепродажи;Деликатесы мясные
Сыры творожные;Сыры творожные;Традиционная молочная продукция;Фрукты и ягоды;Сыры полутвердые сычужные;Пакеты для перепродажи;Заправки;Деликатесы мясные;Овощи;Курица охлажденная;Современная молочная продукция
Телятина охлажденная;Телятина охлажденная;Говядина охлажденная;Свинина охлажденная;Фрукты и ягоды;Традиционная молочная продукция;Пакеты для перепродажи;Овощи;Охлажденные рыба и морепродукты обслуживание;Зелень свежая;Яйцо куриное свежее
Теннис;Теннис;Оборудование для фитнеса;Другой ручной инструмент и инвентарь;Кухонная утварь;Энергетики и спортивные напитки;Слесарно-монтажный инструмент;Карты постоянного покупателя;Консервы мясные;Мелкая бытовая техника;Мужская одежда
Тесто;Тесто;Традиционная молочная продукция;Фрукты и ягоды;Сыры полутвердые сычужные;Заправки;Овощи;Колбасы;Конфеты;Курица охлажденная;Пакеты для перепродажи
Товары для ванной;Товары для ванной;Пакеты для перепродажи;Средства по уходу за полостью рта;Традиционная молочная продукция;Туалетная бумага, полотенца, салфетки, скатерти;Заправки;Фрукты и ягоды;Средства по уходу за волосами, аксессуары для волос;Чистящие и моющие средства;Овощи
Товары для влюбленных;Товары для влюбленных;Мед;Холодные блюда готовые, собственная упаковка, самообслуживание;Товары для туризма;Холодный чай и холодный кофе;Аксессуары для животных;Средства для туалета;Книги;Одеяла с наполнителем;Средства для стирки
Товары для Дня рождения;Товары для Дня рождения;Пакеты для перепродажи;Конфеты;Детская гигиена;Традиционная молочная продукция;Торты;Туалетная бумага, полотенца, салфетки, скатерти;Сыры полутвердые сычужные;Фрукты и ягоды;Заправки
Товары для дома универсальные;Товары для дома универсальные;Пакеты для перепродажи;Фрукты и ягоды;Традиционная молочная продукция;Туалетная бумага, полотенца, салфетки, скатерти;Заправки;Чай;Упаковочные и подсобные материалы;Средства по уходу за полостью рта;Товары для чистки, уборки
Товары для жилых комнат;Товары для жилых комнат;Традиционная молочная продукция;Фрукты и ягоды;Туалетная бумага, полотенца, салфетки, скатерти;Пакеты для перепродажи;Средства по уходу за полостью рта;Заправки;Чай;Упаковочные и подсобные материалы;Сыры полутвердые сычужные
Товары для интерьера;Товары для интерьера;Офисная мебель;Новогодние товары;Пакеты для перепродажи;Упаковочные и подсобные материалы;Женское нижнее белье;Туалетная бумага, полотенца, салфетки, скатерти;Фрукты и ягоды;Консервы овощные;Чистящие и моющие средства
Товары для кухни;Товары для кухни;Традиционная молочная продукция;Фрукты и ягоды;Туалетная бумага, полотенца, салфетки, скатерти;Заправки;Чай;Овощи;Сыры полутвердые сычужные;Конфеты;Средства по уходу за полостью рта
Товары для новорожденных;Товары для новорожденных;Детская гигиена;Готовое детское питание;Детская каша;Детские напитки;Заменители молока;Игрушки;Пакеты для перепродажи;Детская молочная продукция;Макаронные изделия
Товары для отдыха;Товары для отдыха;Пакеты для перепродажи;Заправки;Традиционная молочная продукция;Фрукты и ягоды;Чай;Средства по уходу за полостью рта;Конфеты;Колбасы;Макаронные изделия
Товары для прихожей;Товары для прихожей;Пакеты для перепродажи;Туалетная бумага, полотенца, салфетки, скатерти;Фрукты и ягоды;Заправки;Традиционная молочная продукция;Овощи;Чай;Курица охлажденная;Хлеб, промышленное производство
Товары для стирки, сушки;Товары для стирки, сушки;Традиционная молочная продукция;Фрукты и ягоды;Пакеты для перепродажи;Туалетная бумага, полотенца, салфетки, скатерти;Конфеты;Заправки;Сыры полутвердые сычужные;Чай;Овощи
Товары для туалета;Товары для туалета;Товары для чистки, уборки;Товары для ванной;Пакеты для перепродажи;Чистящие и моющие средства;Фрукты и ягоды;Средства по уходу за полостью рта;Традиционная молочная продукция;Заправки;Туалетная бумага, полотенца, салфетки, скатерти
Товары для туризма;Товары для туризма;Пакеты для перепродажи;Заправки;Полуфабрикаты мясные охлажденные;Традиционная молочная продукция;Одноразовая посуда и сопутствующие товары;Фрукты и ягоды;Овощи;Колбасы;Яйцо куриное свежее
Товары для Хэллоуина;Товары для Хэллоуина;Новогодние товары;Хоккей, коньки;Школьные принадлежности;Средства для стирки;Женское нижнее белье;Мужское нижнее белье;Хлеб, производство ФК;Сезонные сладости;Пакеты для перепродажи
Товары для чистки, уборки;Товары для чистки, уборки;Пакеты для перепродажи;Уборочный инвентарь;Чистящие и моющие средства;Туалетная бумага, полотенца, салфетки, скатерти;Традиционная молочная продукция;Заправки;Упаковочные и подсобные материалы;Средства по уходу за полостью рта;Фрукты и ягоды
Торты;Торты;Пакеты для перепродажи;Традиционная молочная продукция;Фрукты и ягоды;Конфеты;Заправки;Сыры полутвердые сычужные;Колбасы;Печенье;Курица охлажденная
Торты длительного хранения;Торты длительного хранения;Традиционная молочная продукция;Печенье;Конфеты;Фрукты и ягоды;Пряники, вафли, бисквиты, круассаны длительного хранения;Пакеты для перепродажи;Колбасы;Чай;Заправки
Торты и пирожные, промышленное производство;Торты и пирожные, промышленное производство;Пироги и пицца, собственное производство;Орехи соленые фасованные;Фрукты и ягоды;Выпечные и сдобные изделия, собственное производство;Пакеты для перепродажи;Традиционная молочная продукция;Холодные блюда готовые, обслуживание;Горячие блюда готовые, обслуживание;Туалетная бумага, полотенца, салфетки, скатерти
Традиционная молочная продукция;Традиционная молочная продукция;Фрукты и ягоды;Сыры полутвердые сычужные;Заправки;Овощи;Пакеты для перепродажи;Курица охлажденная;Хлеб, промышленное производство;Конфеты;Колбасы
Туалетная бумага, полотенца, салфетки, скатерти;Туалетная бумага, полотенца, салфетки, скатерти;Традиционная молочная продукция;Заправки;Пакеты для перепродажи;Фрукты и ягоды;Овощи;Чай;Конфеты;Сыры полутвердые сычужные;Курица охлажденная
Уборочный инвентарь;Уборочный инвентарь;Упаковочные и подсобные материалы;Пакеты для перепродажи;Туалетная бумага, полотенца, салфетки, скатерти;Чистящие и моющие средства;Традиционная молочная продукция;Заправки;Фрукты и ягоды;Средства по уходу за полостью рта;Овощи
Универсальные гигиенические средства;Универсальные гигиенические средства;Туалетная бумага, полотенца, салфетки, скатерти;Пакеты для перепродажи;Женская гигиена;Средства по уходу за полостью рта;Традиционная молочная продукция;Фрукты и ягоды;Чай;Заправки;Конфеты
Упаковочные и подсобные материалы;Упаковочные и подсобные материалы;Туалетная бумага, полотенца, салфетки, скатерти;Традиционная молочная продукция;Заправки;Фрукты и ягоды;Пакеты для перепродажи;Уборочный инвентарь;Чай;Овощи;Сыры полутвердые сычужные
Фармацевтика;Фармацевтика;Пакеты для перепродажи;Универсальные гигиенические средства;Средства по уходу за полостью рта;Традиционная молочная продукция;Женская гигиена;Фрукты и ягоды;Детская гигиена;Туалетная бумага, полотенца, салфетки, скатерти;Заправки
Фарши мясные охлажденные;Фарши мясные охлажденные;Традиционная молочная продукция;Фрукты и ягоды;Курица охлажденная;Заправки;Овощи;Пакеты для перепродажи;Сыры полутвердые сычужные;Яйцо куриное свежее;Колбасы
Фигурный шоколад;Фигурный шоколад;Пакеты для перепродажи;Игрушки;Конфеты;Мармелад;Детская гигиена;Традиционная молочная продукция;Пряники, вафли, бисквиты, круассаны длительного хранения;Современная молочная продукция;Детская молочная продукция
Фонари;Фонари;Элементы питания;Пакеты для перепродажи;Макаронные изделия;Традиционная молочная продукция;Заправки;Фрукты и ягоды;Упаковочные и подсобные материалы;Туалетная бумага, полотенца, салфетки, скатерти;Электроинсталляционные товары
Фруктовые ароматизированные слабоалкогольные напитки;Фруктовые ароматизированные слабоалкогольные напитки;Другие слабоалкогольные напитки;Джин-тоники слабоалкогольные;Лимонады;Пиво производства России и СНГ;Виски;Сигареты;Пакеты для перепродажи;Сахар, соль;Макаронные изделия
Фрукты и ягоды;Фрукты и ягоды;Традиционная молочная продукция;Овощи;Сыры полутвердые сычужные;Заправки;Конфеты;Пакеты для перепродажи;Курица охлажденная;Хлеб, промышленное производство;Яйцо куриное свежее
Хлеб, производство ФК;Хлеб, производство ФК;Традиционная молочная продукция;Фрукты и ягоды;Заправки;Овощи;Сыры полутвердые сычужные;Пакеты для перепродажи;Колбасы;Курица охлажденная;Конфеты
Хлеб, промышленное производство;Хлеб, промышленное производство;Традиционная молочная продукция;Пакеты для перепродажи;Фрукты и ягоды;Колбасы;Заправки;Овощи;Сыры полутвердые сычужные;Курица охлажденная;Яйцо куриное свежее
Хлеб, собственное производство;Хлеб, собственное производство;Традиционная молочная продукция;Пакеты для перепродажи;Фрукты и ягоды;Заправки;Овощи;Колбасы;Сыры полутвердые сычужные;Конфеты;Курица охлажденная
Хоккей, коньки;Хоккей, коньки;Товары для Хэллоуина;Другой ручной инструмент и инвентарь;Конфеты;Сезонные сладости;Другие табачные изделия и аксессуары;Автопринадлежности;Книги;Консервы мясные;Мужская обувь
Холодные блюда готовые с Фабрики Кухни, обслуживание;Холодные блюда готовые с Фабрики Кухни, обслуживание;Холодные блюда готовые, обслуживание;Пакеты для перепродажи;Горячие блюда готовые, обслуживание;Выпечные и сдобные изделия, собственное производство;Традиционная молочная продукция;Фрукты и ягоды;Пироги и пицца, собственное производство;Колбасы;Конфеты
Холодные блюда готовые, обслуживание;Холодные блюда готовые, обслуживание;Холодные блюда готовые с Фабрики Кухни, обслуживание;Горячие блюда готовые, обслуживание;Фрукты и ягоды;Пакеты для перепродажи;Традиционная молочная продукция;Деликатесы мясные;Овощи;Колбасы;Заправки
Холодные блюда готовые, собственная упаковка, самообслуживание;Холодные блюда готовые, собственная упаковка, самообслуживание;Горячие блюда готовые, собственная упаковка, самообслуживание;Пакеты для перепродажи;Горячие блюда готовые, обслуживание;Холодные блюда готовые с Фабрики Кухни, обслуживание;Современная молочная продукция;Лимонады;Соки, нектары, морсы, компоты;Курица охлажденная;Выпечные и сдобные изделия, собственное производство
Холодные блюда готовые, упаковка ФК, самообслуживание;Холодные блюда готовые, упаковка ФК, самообслуживание;Пакеты для перепродажи;Традиционная молочная продукция;Выпечные и сдобные изделия, собственное производство;Овощи;Курица охлажденная;Холодные блюда готовые с Фабрики Кухни, обслуживание;Заправки;Фрукты и ягоды;Колбасы
Холодные блюда готовые, фирменная упаковка, самообслуживание;Холодные блюда готовые, фирменная упаковка, самообслуживание;Пакеты для перепродажи;Заправки;Традиционная молочная продукция;Овощи;Фрукты и ягоды;Курица охлажденная;Консервы овощные;Колбасы;Сыры полутвердые сычужные
Холодный чай и холодный кофе;Холодный чай и холодный кофе;Лимонады;Пакеты для перепродажи;Чипсы;Соки, нектары, морсы, компоты;Шоколадные батончики;Современная молочная продукция;Жевательная резинка и освежающие драже;Колбасы;Шоколадные плитки
Цветы и товары для цветоводства;Цветы и товары для цветоводства;Грунты, удобрения, средства;Фрукты и ягоды;Традиционная молочная продукция;Пакеты для перепродажи;Заправки;Конфеты;Чай;Овощи;Туалетная бумага, полотенца, салфетки, скатерти
Чай;Чай;Традиционная молочная продукция;Заправки;Конфеты;Фрукты и ягоды;Пакеты для перепродажи;Туалетная бумага, полотенца, салфетки, скатерти;Макаронные изделия;Овощи;Курица охлажденная
Чемоданы;Чемоданы;Средства по уходу за лицом;Говядина охлажденная;Фарши мясные охлажденные;Сыры твердые сычужные;Рыба и морепродукты вяленые собственная упаковка, самообслуживание;Другие строительные товары;Резиновая обувь;Грибы;Вина тихие
Чипсы;Чипсы;Лимонады;Пакеты для перепродажи;Сухарики фасованные;Пиво производства России и СНГ;Соки, нектары, морсы, компоты;Жевательная резинка и освежающие драже;Заправки;Колбасы;Конфеты
Чистящие и моющие средства;Чистящие и моющие средства;Туалетная бумага, полотенца, салфетки, скатерти;Пакеты для перепродажи;Традиционная молочная продукция;Заправки;Средства для мытья посуды;Средства по уходу за полостью рта;Фрукты и ягоды;Средства для стирки;Уборочный инвентарь
Шампанское и игристые вина;Шампанское и игристые вина;Пакеты для перепродажи;Заправки;Соки, нектары, морсы, компоты;Фрукты и ягоды;Колбасы;Курица охлажденная;Традиционная молочная продукция;Пиво производства России и СНГ;Сыры полутвердые сычужные
Шины и аксессуары;Шины и аксессуары;Автопринадлежности;Пакеты для перепродажи;Автохимия и автокосметика;Традиционная молочная продукция;Эксплуатационные жидкости;Фрукты и ягоды;Заправки;Колбасы;Конфеты
Школьные принадлежности;Школьные принадлежности;Офисные принадлежности;Пакеты для перепродажи;Традиционная молочная продукция;Конфеты;Туалетная бумага, полотенца, салфетки, скатерти;Заправки;Фрукты и ягоды;Макаронные изделия;Современная молочная продукция
Шоколадная паста;Шоколадная паста;Пакеты для перепродажи;Современная молочная продукция;Печенье;Традиционная молочная продукция;Заправки;Шоколадные плитки;Конфеты;Хлеб, промышленное производство;Фрукты и ягоды
Шоколадные батончики;Шоколадные батончики;Пакеты для перепродажи;Жевательная резинка и освежающие драже;Лимонады;Шоколадные плитки;Соки, нектары, морсы, компоты;Чипсы;Конфеты;Традиционная молочная продукция;Современная молочная продукция
Шоколадные плитки;Шоколадные плитки;Традиционная молочная продукция;Пакеты для перепродажи;Конфеты;Фрукты и ягоды;Печенье;Заправки;Сыры полутвердые сычужные;Чай;Туалетная бумага, полотенца, салфетки, скатерти
Шторы;Шторы;Женская одежда;Кухонная утварь;Фармацевтика;Консервы овощные;Одеяла, пледы, покрывала;Мужская обувь;Полотенца;Постельное белье;Скатерти, салфетки, прихватки
Эксплуатационные жидкости;Эксплуатационные жидкости;Пакеты для перепродажи;Автопринадлежности;Заправки;Фрукты и ягоды;Традиционная молочная продукция;Колбасы;Овощи;Сыры полутвердые сычужные;Курица охлажденная
Электроинсталляционные товары;Электроинсталляционные товары;Пакеты для перепродажи;Заправки;Туалетная бумага, полотенца, салфетки, скатерти;Традиционная молочная продукция;Печенье;Фрукты и ягоды;Овощи;Конфеты;Чай
Электроинструмент;Электроинструмент;Заправки;Фрукты и ягоды;Традиционная молочная продукция;Пакеты для перепродажи;Колбасы;Курица охлажденная;Макаронные изделия;Деликатесы мясные;Конфеты
Элементы питания;Элементы питания;Пакеты для перепродажи;Традиционная молочная продукция;Фрукты и ягоды;Заправки;Сыры полутвердые сычужные;Колбасы;Печенье;Чай;Курица охлажденная
Энергетики и спортивные напитки;Энергетики и спортивные напитки;Лимонады;Шоколадные батончики;Сигареты;Горячие блюда готовые, упаковка ФК, самообслуживание;Чипсы;Жевательная резинка и освежающие драже;Пакеты для перепродажи;Кофе;Соки, нектары, морсы, компоты
Яичный продукт;Яичный продукт;Светильники;Детская каша;Диетические продукты;Паштеты охлажденные, террин и фуа-гра;Сыры рассольные;Детская гигиена;Курица охлажденная;Мелкая бытовая техника;Макаронные изделия
Яйцо куриное свежее;Яйцо куриное свежее;Традиционная молочная продукция;Пакеты для перепродажи;Овощи;Фрукты и ягоды;Заправки;Курица охлажденная;Сыры полутвердые сычужные;Хлеб, промышленное производство;Сахар, соль
Яйцо перепелиное свежее;Яйцо перепелиное свежее;Традиционная молочная продукция;Фрукты и ягоды;Зелень свежая;Овощи;Современная молочная продукция;Пакеты для перепродажи;Яйцо куриное свежее;Заправки;Орехи, сухофрукты
